IMD003	1
IMD009	1
IMD016	1
IMD022	1
IMD024	1
IMD025	1
IMD035	1
IMD038	1
IMD042	1
IMD044	1
IMD045	1
IMD050	1
IMD092	1
IMD101	1
IMD103	1
IMD112	1
IMD118	1
IMD125	1
IMD132	1
IMD134	1
IMD135	1
IMD144	1
IMD146	1
IMD147	1
IMD150	1
IMD152	1
IMD156	1
IMD159	1
IMD161	1
IMD162	1
IMD175	1
IMD177	1
IMD182	1
IMD198	1
IMD200	1
IMD010	1
IMD017	1
IMD020	1
IMD039	1
IMD041	1
IMD105	1
IMD107	1
IMD108	1
IMD133	1
IMD142	1
IMD143	1
IMD160	1
IMD173	1
IMD176	1
IMD196	1
IMD197	1
IMD199	1
IMD203	1
IMD204	1
IMD206	1
IMD207	1
IMD208	1
IMD364	1
IMD365	1
IMD367	1
IMD371	1
IMD372	1
IMD374	1
IMD375	1
IMD378	1
IMD379	1
IMD380	1
IMD381	1
IMD383	1
IMD384	1
IMD385	1
IMD389	1
IMD390	1
IMD392	1
IMD394	1
IMD395	1
IMD397	1
IMD399	1
IMD400	1
IMD402	1
IMD002	2
IMD004	2
IMD013	2
IMD015	2
IMD019	2
IMD021	2
IMD027	2
IMD030	2
IMD032	2
IMD033	2
IMD037	2
IMD040	2
IMD043	2
IMD047	2
IMD048	2
IMD049	2
IMD057	2
IMD075	2
IMD076	2
IMD078	2
IMD120	2
IMD126	2
IMD137	2
IMD138	2
IMD139	2
IMD140	2
IMD149	2
IMD153	2
IMD157	2
IMD164	2
IMD166	2
IMD169	2
IMD171	2
IMD210	2
IMD347	2
IMD155	2
IMD376	2
IMD006	2
IMD008	2
IMD014	2
IMD018	2
IMD023	2
IMD031	2
IMD036	2
IMD154	2
IMD170	2
IMD226	2
IMD243	2
IMD251	2
IMD254	2
IMD256	2
IMD278	2
IMD279	2
IMD280	2
IMD304	2
IMD305	2
IMD306	2
IMD312	2
IMD328	2
IMD331	2
IMD339	2
IMD356	2
IMD360	2
IMD368	2
IMD369	2
IMD370	2
IMD382	2
IMD386	2
IMD388	2
IMD393	2
IMD396	2
IMD398	2
IMD427	2
IMD430	2
IMD431	2
IMD432	2
IMD433	2
IMD434	2
IMD436	2
IMD437	2
IMD058	3
IMD061	3
IMD063	3
IMD064	3
IMD065	3
IMD080	3
IMD085	3
IMD088	3
IMD090	3
IMD091	3
IMD168	3
IMD211	3
IMD219	3
IMD240	3
IMD242	3
IMD284	3
IMD285	3
IMD348	3
IMD349	3
IMD403	3
IMD404	3
IMD405	3
IMD407	3
IMD408	3
IMD409	3
IMD410	3
IMD413	3
IMD417	3
IMD418	3
IMD419	3
IMD406	3
IMD411	3
IMD420	3
IMD421	3
IMD423	3
IMD424	3
IMD425	3
IMD426	3
IMD429	3
IMD435	3

